<ImportExportXml xmlns:xsi="http://www.w3.org/2001/XMLSchema-instance">
  <Entities>
    <Entity>
      <Name LocalizedName="Task" OriginalName="">Task</Name>
      <FormXml>
        <forms type="main">
          <systemform>
            <formid>{16654191-19ad-48ca-9e46-c4b4fbdad76f}</formid>
            <IntroducedVersion>6.0.0.0</IntroducedVersion>
            <FormPresentation>1</FormPresentation>
            <FormActivationState>1</FormActivationState>
            <form>
              <tabs>
                <tab name="TASK_TAB" verticallayout="true" id="{ADFD103B-691E-4A92-B4CF-F844B645A1F7}" IsUserDefined="0" showlabel="false" expanded="true" ordinalvalue="0">
                  <columns>
                    <column width="67%" id="0">
                      <sections>
                        <section name="TASK" showlabel="false" showbar="false" id="{EBB3C46D-5E9B-4EBB-A9E4-B8C25D364BB3}" IsUserDefined="0" layout="varwidth" columns="1" labelwidth="115" celllabelposition="Left" ordinalvalue="0">
                          <rows>
                            <row>
                              <cell id="{5FD2BE87-C1CF-41A6-9AD9-4D273733422E}" showlabel="true" locklevel="0" colspan="2" labelid="{f670bd68-6ea9-4665-b504-834f4c254a07}" ordinalvalue="10000">
                                <labels>
                                  <label description="Subject" languagecode="1033" solutionaction="Added" />
                                </labels>
                              </cell>
                            </row>
                            <row>
                              <cell id="{9997b155-0d72-5912-9a63-490d93d72e65}" showlabel="true" locklevel="0" ordinalvalue="10001" solutionaction="Added">
                                <labels>
                                  <label description="Status Reason" languagecode="1033" />
                                </labels>
                                <control id="statuscode" classid="{5D68B988-0661-4db2-BC3E-17598AD3BE6C}" datafieldname="statuscode" disabled="false" />
                              </cell>
                            </row>
                          </rows>
                        </section>
                        <section name="Description" showlabel="true" showbar="false" locklevel="0" id="{bde07399-10a4-ddc1-ae5c-39b7ac6a0d7c}" IsUserDefined="0" layout="varwidth" columns="1" labelwidth="115" celllabelalignment="Left" celllabelposition="Left" height="auto" labelid="{3e311b53-86ab-4733-ac24-54eba6327ebd}" ordinalvalue="1">
                          <rows>
                            <row>
                              <cell id="{34941c93-b671-08a7-5b39-5d4e1443b6e0}" showlabel="false" locklevel="0" auto="true" rowspan="5" ordinalvalue="10000">
                                <labels>
                                  <label description="Description" languagecode="1033" solutionaction="Added" />
                                </labels>
                              </cell>
                            </row>
                          </rows>
                        </section>
                        <section name="task details" showlabel="false" showbar="false" locklevel="0" id="{96BF03F6-399F-42D0-8295-08E1B8890D01}" IsUserDefined="0" layout="varwidth" columns="11" labelid="{a75b944b-2152-476c-8a9c-73cfeda7c0fa}" ordinalvalue="2">
                          <rows>
                            <row>
                              <cell showlabel="true" id="{E1DB7569-03E5-4B12-A5C0-4E875D1163D8}" locklevel="0" colspan="2" labelid="{1f99d1b9-9de8-4d2f-86f7-0c589f6c24df}" ordinalvalue="10000">
                                <labels>
                                  <label description="Regarding" languagecode="1033" solutionaction="Added" />
                                </labels>
                              </cell>
                            </row>
                            <row>
                              <cell showlabel="true" id="{CC840E7F-65AB-4F53-B495-4AEA458370B0}" labelid="{a7a7baec-6af8-4ab9-8952-8f009923ee1d}" ordinalvalue="10001">
                                <labels>
                                  <label description="Duration" languagecode="1033" solutionaction="Added" />
                                </labels>
                              </cell>
                            </row>
                          </rows>
                        </section>
                      </sections>
                    </column>
                  </columns>
                </tab>
              </tabs>
              <header id="{D7EF0A4A-7B76-4B39-A2E0-4207EC3C8C2D}" columns="1111" celllabelposition="Top" labelwidth="115">
                <rows>
                  <row>
                    <cell id="{0A9B5273-AD20-4A08-8990-64CB20861D81}" showlabel="true" ordinalvalue="10000">
                      <labels>
                        <label description="Priority" languagecode="1033" solutionaction="Added" />
                      </labels>
                    </cell>
                    <cell id="{6A04844E-9375-4428-BF70-85C6C3556B8B}" showlabel="true" locklevel="0" ordinalvalue="30002" solutionaction="Modified">
                      <labels>
                        <label description="Activity Status" languagecode="1033" solutionaction="Added" />
                      </labels>
                      <control id="header_statecode" classid="{3EF39988-22BB-4f0b-BBBE-64B5A3748AEE}" datafieldname="statecode" disabled="false" uniqueid="{8b629092-6a71-492d-2906-2e0949147996}" solutionaction="Modified" />
                    </cell>
                    <cell id="{59BF22C1-8C1D-4235-8516-4647EDEAE36C}" showlabel="true" locklevel="1" ordinalvalue="40003">
                      <labels>
                        <label description="Owner" languagecode="1033" solutionaction="Added" />
                      </labels>
                    </cell>
                  </row>
                </rows>
              </header>
              <Navigation solutionaction="Added">
                <NavBar></NavBar>
                <NavBarAreas>
                  <NavBarArea Id="Info">
                    <Titles>
                      <Title LCID="1033" Text="Common" />
                    </Titles>
                  </NavBarArea>
                  <NavBarArea Id="Sales">
                    <Titles>
                      <Title LCID="1033" Text="Sales" />
                    </Titles>
                  </NavBarArea>
                  <NavBarArea Id="Service">
                    <Titles>
                      <Title LCID="1033" Text="Service" />
                    </Titles>
                  </NavBarArea>
                  <NavBarArea Id="Marketing">
                    <Titles>
                      <Title LCID="1033" Text="Marketing" />
                    </Titles>
                  </NavBarArea>
                  <NavBarArea Id="ProcessCenter">
                    <Titles>
                      <Title LCID="1033" Text="Process Sessions" />
                    </Titles>
                  </NavBarArea>
                </NavBarAreas>
              </Navigation>
            </form>
            <LocalizedNames>
              <LocalizedName description="Task" languagecode="1033" />
            </LocalizedNames>
            <Descriptions>
              <Description description="Updated default Task form." languagecode="1033" />
            </Descriptions>
          </systemform>
        </forms>
      </FormXml>
      <RibbonDiffXml>
        <CustomActions />
        <Templates>
          <RibbonTemplates Id="Mscrm.Templates"></RibbonTemplates>
        </Templates>
        <CommandDefinitions />
        <RuleDefinitions>
          <TabDisplayRules />
          <DisplayRules />
          <EnableRules />
        </RuleDefinitions>
        <LocLabels />
      </RibbonDiffXml>
    </Entity>
  </Entities>
  <Roles></Roles>
  <Workflows></Workflows>
  <FieldSecurityProfiles></FieldSecurityProfiles>
  <Templates />
  <EntityMaps />
  <EntityRelationships />
  <OrganizationSettings />
  <optionsets />
  <CustomControls />
  <EntityDataProviders />
  <CanvasApps>
    <CanvasApp>
      <Name>cr1a0_tasktimeline_02385</Name>
      <AppVersion>2020-10-20T15:45:13Z</AppVersion>
      <Status>Ready</Status>
      <CreatedByClientVersion>3.20094.24.0</CreatedByClientVersion>
      <MinClientVersion>3.20094.24.0</MinClientVersion>
      <Tags>{"primaryDeviceWidth":"1366","primaryDeviceHeight":"768","sienaVersion":"35e0d084-1cf4-4db4-85a5-4b92a878b403","deviceCapabilities":"","supportsPortrait":"false","supportsLandscape":"true","primaryFormFactor":"Tablet","publisherVersion":"3.20094.24","minimumRequiredApiVersion":"2.2.0","hasComponent":"false","hasUnlockedComponent":"false","isUnifiedRootApp":"false"}</Tags>
      <IsCdsUpgraded>0</IsCdsUpgraded>
      <GalleryItemId xsi:nil="true"></GalleryItemId>
      <BackgroundColor>rgba(0, 176, 240, 1)</BackgroundColor>
      <DisplayName>Task Timeline</DisplayName>
      <Description xsi:nil="true"></Description>
      <CommitMessage xsi:nil="true"></CommitMessage>
      <Publisher xsi:nil="true"></Publisher>
      <AuthorizationReferences xsi:nil="true"></AuthorizationReferences>
      <ConnectionReferences>{}</ConnectionReferences>
      <DatabaseReferences>{"default.cds":{"databaseDetails":{"referenceType":"Environmental","environmentName":"default.cds"},"dataSources":{"Accounts":{"entitySetName":"accounts","logicalName":"account"},"Tasks":{"entitySetName":"tasks","logicalName":"task"},"Activities":{"entitySetName":"activitypointers","logicalName":"activitypointer"}}}}</DatabaseReferences>
      <CanConsumeAppPass>0</CanConsumeAppPass>
      <BypassConsent>0</BypassConsent>
      <AdminControlBypassConsent>0</AdminControlBypassConsent>
      <EmbeddedApp xsi:nil="true"></EmbeddedApp>
      <IntroducedVersion>1.0</IntroducedVersion>
      <CdsDependencies>{"cdsdependencies":[{"logicalname":"account","componenttype":1},{"logicalname":"task","componenttype":1},{"logicalname":"activitypointer","componenttype":1}]}</CdsDependencies>
      <BackgroundImageUri>/CanvasApps/cr1a0_tasktimeline_02385_BackgroundImageUri</BackgroundImageUri>
      <DocumentUri>/CanvasApps/cr1a0_tasktimeline_02385_DocumentUri.msapp</DocumentUri>
    </CanvasApp>
  </CanvasApps>
  <Languages>
    <Language>1033</Language>
  </Languages>
</ImportExportXml>